mean,mean_se,mean_ci_lower,mean_ci_upper,obs_ci_lower,obs_ci_upper
-7.58630556513874,0.3921506587723561,-8.357317984764729,-6.815293145512751,-11.359171090603665,-3.8134400396738144
10.031226397670748,0.4039393498252314,9.237036081974521,10.825416713366975,6.253556165957837,13.808896629383659
-6.8022576848922744,0.3068357060588964,-7.405531286157471,-6.198984083627078,-10.544448642073332,-3.0600667277112166
5.040211255924764,0.28098428230127115,4.487764469140871,5.592658042708657,1.3058771018549855,8.774545409994543
0.2678394349618185,0.34942616899551937,-0.41917181954245897,0.954850689466096,-3.4887599029819745,4.0244387729056115
19.57041162096163,0.3726916793255644,18.837657749399007,20.30316549252425,15.805178247276245,23.335644994647012
11.07491012621039,0.4142195054082784,10.2605078653015,11.889312387119281,7.292939057495333,14.856881194925448
3.137576304962689,0.42607513426011934,2.2998645407219387,3.9752880692034394,-0.6494825963447033,6.924635206270081
4.306745923967507,0.28168961820762967,3.752912367248016,4.860579480686999,0.5722063632488412,8.041285484686174
2.6959049159197255,0.2849249273711209,2.135710376525385,3.256099455314066,-1.0395832776088585,6.43139310944831
2.149790124543562,0.34715181980905324,1.4672504970278026,2.832329752059321,-1.6059940099819507,5.905574259069075
12.101563840065324,0.3384979927845146,11.436038612408288,12.767089067722361,8.34883443992572,15.854293240204928
1.8552027408932181,0.3464584807138016,1.1740262962294903,2.536379185556946,-1.9003339012910812,5.610739383077517
-5.763050274807311,0.290391527820679,-6.333992767177013,-5.192107782437609,-9.500165399019775,-2.025935150594848
-3.750904812371117,0.35515420627540684,-4.4491780341425144,-3.0526315905997192,-7.509580059618106,0.007770434875872034
-1.4303186918530308,0.31417468618907596,-2.0480215557018244,-0.8126158280042375,-5.174862849695372,2.31422546598931
3.2696304304042725,0.23672206520883057,2.8042081540605466,3.7350527067479984,-0.45282467575096197,6.992085536559507
1.7130993746625762,0.4087039399408912,0.9095413374760912,2.516657411849061,-2.0665513553852675,5.49275010471042
-2.9583269005411252,0.33011849025230566,-3.607377081228087,-2.3092767198541635,-6.708169598451796,0.7915157973695464
2.5115606263221224,0.3127587939181889,1.8966415663540208,3.126479686290224,-1.2325253198516908,6.255646572495936
-4.7391207551061605,0.34525628685874205,-5.417933551074383,-4.060307959137938,-8.494229399871902,-0.9840121103404198
7.7014001707640345,0.2991127639744307,7.113310744585566,8.289489596942502,3.961627009834735,11.441173331693335
-4.00595721417645,0.1986336198441466,-4.396493311538989,-3.615421116813912,-7.7197925047308615,-0.2921219236220396
5.641130279809512,0.2875657746545573,5.075743536836478,6.206517022782546,1.9048599080144166,9.377400651604606
-4.817495924495982,0.3270491482245845,-5.460511432613831,-4.174480416378133,-8.566298808845099,-1.0686930401468646
7.229691414971491,0.2961908627570593,6.647346776101467,7.812036053841514,3.4908173330525956,10.968565496890387
-6.368232651829811,0.28496213597205244,-6.928500347529754,-5.807964956129869,-10.1037318169842,-2.6327334866754235
3.416280906988046,0.22603453813711016,2.971871514144712,3.86069029983138,-0.30360535880981887,7.13616717278591
-16.22633268973827,0.35825706882504527,-16.93070648920512,-15.52195889027142,-19.98614605896281,-12.466519320513733
-2.7555543045629176,0.2429408705009389,-3.2332034534317633,-2.277905155694072,-6.479557907063771,0.9684492979379362
1.159015252222891,0.32588919268320427,0.5182803475124619,1.79975015693332,-2.5893971237222217,4.907427628168004
7.549731036200417,0.40785906980438474,6.747834108981864,8.351627963418972,3.770433111465353,11.329028960935482
3.4776082478689894,0.3402738020395291,2.8085915789511136,4.146624916786865,-0.27574191236309,7.230958408101069
-8.381236050527272,0.2653616538587964,-8.902966987963728,-7.859505113090817,-12.111149895792673,-4.651322205261872
-7.457537893479004,0.30206181133829757,-8.051425479351312,-6.8636503076066955,-11.198227213200363,-3.716848573757645
2.806393456020659,0.28117379194073827,2.253574071913774,3.359212840127544,-0.9279958372197394,6.540782749261057
1.311797176234024,0.29578080299868054,0.7302587610931369,1.8933355913749108,-2.4269514179226865,5.050545770390735
-1.842641864023605,0.38087675878626065,-2.5914885248718007,-1.0937952031754095,-5.61104012369411,1.9257563956469004
-14.185884699084074,0.3645789426377145,-14.902688015410938,-13.46908138275721,-17.94804646013601,-10.423722938032139
-5.628861379346546,0.3188412690256811,-6.255739271322284,-5.001983487370808,-9.374929987030093,-1.8827927716629986
-5.391889883209376,0.4513098784014751,-6.279216000260289,-4.504563766158463,-9.190231858338109,-1.5935479080806418
9.551133921686764,0.3695783043767746,8.824501296381854,10.277766546991675,5.787087017863472,13.315180825510057
11.808895487928291,0.4121982583925652,10.998467226596823,12.61932374925976,8.0277781809952,15.590012794861382
-8.477325714611244,0.3318415266259795,-9.129763579122908,-7.824887850099579,-12.227756261771496,-4.726895167450992
0.7435549968797001,0.3822538822885108,-0.00799924407793029,1.4951092378373305,-3.025382240475892,4.512492234235292
9.26802352663484,0.28422247120301675,8.709210095285929,9.826836957983751,5.532742202145325,13.003304851124355
8.16588194792462,0.22495009783051104,7.723604687020955,8.608159208828283,4.446249802464984,11.885514093384256
4.703821227691928,0.26669806095434606,4.179462763193372,5.228179692190484,0.9735389432909889,8.434103512092868
-5.6136657915379935,0.33033229670321346,-6.263136339819293,-4.964195243256694,-9.363581272600069,-1.8637503104759183
0.2811493167915902,0.2718680754534957,-0.25337397925657906,0.8156726128397596,-3.4505753884944794,4.01287402207766
7.945622865492647,0.2638749783398214,7.426814899785149,8.464430831200144,4.216116755120154,11.675128975865139
0.9935525009766729,0.377997858762048,0.2503660822417463,1.7367389197115997,-2.7737250538387737,4.76083005579212
-0.9626732586076676,0.35353540972987263,-1.6577637438120485,-0.26758277340328673,-4.720758529679342,2.7954120124640074
-19.25530343492693,0.4697492487037867,-20.178883433477548,-18.33172343637631,-23.062277841952405,-15.448329027901455
1.9477297154965727,0.24272503976966417,1.4705049141855526,2.4249545168075928,-1.7762194830036628,5.671678913996808
5.378125341104907,0.40311890161178715,4.585548119121708,6.170702563088105,1.6007939054441698,9.155456776765643
9.59337489851785,0.39239667490377783,8.821878783433212,10.364871013602487,5.820410496669497,13.366339300366201
0.6606428820833365,0.42166721021166387,-0.1684024063780114,1.4896881705446845,-3.1245083978979755,4.445794162064648
1.047104829221728,0.3045494123181409,0.4483263392858201,1.6458833191576359,-2.694364107176666,4.788573765620122
4.896361336863568,0.3714620956890956,4.166024965395563,5.626697708331573,1.131597687241821,8.661124986485316
-7.817854709934642,0.2846267037042625,-8.377462907968,-7.258246511901283,-11.553255017442574,-4.082454402426711
1.9902856860354885,0.33820159612071954,1.3253432076453715,2.6552281644256057,-1.7623404106589047,5.742911782729882
5.6098117271852255,0.27732479367955576,5.064559907727552,6.155063546642899,1.876535194614124,9.343088259756327
1.4128957513174587,0.30538244490925964,0.8124794253628216,2.013312077272096,-2.328835650920958,5.154627153555875
0.6993331698765466,0.39277415780126,-0.0729051191548763,1.4715714589079694,-3.0737830617111292,4.472449401464223
-9.804940585298128,0.36310844570906275,-10.518852738829137,-9.09102843176712,-13.566552564886598,-6.043328605709659
0.8061870955880523,0.3788036547112635,0.06141639114396891,1.5509578000321358,-2.961403317955111,4.573777509131215
-18.385365911643294,0.39063305296979944,-19.153394547114665,-17.617337276171924,-22.15762280996401,-14.61310901332258
3.128039569134825,0.22769017711885914,2.680375003339999,3.5757041349296506,-0.5922369912155574,6.848316129485207
14.52042764817578,0.3923404987126789,13.749041981818067,15.291813314533492,10.74748582934444,18.293369467007118
-5.527594328651793,0.44355845100025043,-6.3996802652708205,-4.655508392032765,-9.322404996244169,-1.732783661059417
-1.7820749714290276,0.33401078208078033,-2.4387778368008943,-1.1253721060571609,-5.533249824113426,1.9690998812553713
9.504826504692868,0.34668738540598104,8.82320000758977,10.186453001795966,5.749208206252884,13.260444803132852
5.818832575400501,0.4043276297237622,5.023878857635806,6.613786293165196,2.0410017777850076,9.596663373015994
-0.16694106044811996,0.2469637971937944,-0.6524997368774869,0.31861761598124694,-3.89196741609717,3.55808529520093
0.8109582410340938,0.2850627530656129,0.25049272078119866,1.3714237612869888,-2.9245705998954676,4.546487081963655
-3.8585138657763225,0.3431325955300296,-4.5331512450946905,-3.183876486457954,-7.612869964443277,-0.10415776710936742
-0.9816934271707022,0.2863699757645905,-1.5447290946707903,-0.418657759670614,-4.717608748066168,2.754221893724764
10.880662811406713,0.40462074623709526,10.085132793520822,11.676192829292605,7.102710703269062,14.658614919544366
13.348532513781699,0.34566244740272073,12.66892116037958,14.028143867183816,9.593279431272176,17.10378559629122
4.826973517093502,0.3034978080703691,4.230262599702549,5.423684434484455,1.0858349148819029,8.568112119305102
0.7208047375466895,0.234709282617737,0.259339818767014,1.182269656326365,-3.001157647175722,4.4427671222691005
-2.949014262481132,0.3184957415854861,-3.5752128085428634,-2.3228157164194005,-6.694969246342261,0.7969407213799968
8.126591339979463,0.34527628653554543,7.447739222391197,8.805443457567728,4.371475586826403,11.881707093132523
-12.071473642537397,0.3138340842361556,-12.688506844535633,-11.45444044053916,-15.815907390701783,-8.32703989437301
6.473017472975222,0.35779302436914057,5.7695560372409265,7.176478908709518,2.7133749216693723,10.232660024281072
3.814092985811547,0.33279501887956553,3.1597804479999994,4.468405523623095,0.06333585968866373,7.5648501119344305
-4.608227505511362,0.318681950043434,-5.23479215840093,-3.981662852621794,-8.354243707595227,-0.8622113034274963
-9.637276254089459,0.40161316536063113,-10.426893028794673,-8.847659479384244,-13.413987624173235,-5.860564884005683
-5.4989336978012275,0.3405002503811749,-6.168395589696311,-4.829471805906144,-9.252363242460877,-1.7455041531415776
-5.297862051941428,0.26670210056050603,-5.822228458761258,-4.773495645121598,-9.028145452787179,-1.567578651095677
8.607531333269703,0.37192005071346274,7.876294570578278,9.338768095961129,4.84259291078048,12.372469755758926
-10.352219125885082,0.39402226301695864,-11.126911330524644,-9.57752692124552,-14.125838361307956,-6.5785998904622085
-8.469833351629983,0.2616967442940857,-8.984358663554948,-7.955308039705018,-12.198746117924696,-4.740920585335271
-2.021926242554486,0.3386384111956708,-2.687727548643431,-1.356124936465541,-5.7747046134703535,1.7308521283613811
11.024764615771973,0.32733343996649633,10.38119015802875,11.668339073515197,7.275865816833319,14.773663414710628
0.4964145019473688,0.1864611165062985,0.12981091889145008,0.8630180850032876,-3.2149804257225014,4.207809429617239
-8.904812407386464,0.3160074364141586,-9.526118664864724,-8.283506149908204,-12.649952670127746,-5.159672144645182
1.6681140165958612,0.301787531808976,1.0747656952098557,2.261462337981867,-2.072489725116938,5.4087177583086605
-0.07416066344054956,0.25338906171322245,-0.5723521345192224,0.4240308076381233,-3.800854756585268,3.6525334297041687
1.9231597210715636,0.2877396774111054,1.3574310656674102,2.488888376475717,-1.8131624055082087,5.659481847651336
1.741280345237325,0.29123248023623466,1.168684445580899,2.313876244893751,-1.9960877375620607,5.478648428036711
-4.200925080876119,0.40886539948367445,-5.004800565732188,-3.39704959602005,-7.980643313387212,-0.42120684836502553
12.577198885908974,0.4239159644179022,11.74373229307669,13.410665478741258,8.791076769099789,16.36332100271816
-0.9556866150735086,0.31659202189099345,-1.5781422335253885,-0.3332309966216288,-4.7010177244637745,2.789644494316757
9.292159508443714,0.3467200460417805,8.610468796847357,9.97385022004007,5.53652955485391,13.047789462033517
-13.769080393577829,0.4272497208698495,-14.609101527556382,-12.929059259599276,-17.556650805801848,-9.98150998135381
-20.510367804090453,0.3504804418941366,-21.1994518780082,-19.821283730172706,-24.26734677434718,-16.75338883383373
-8.265751875941799,0.39339045778439363,-9.039201880242805,-7.492301871640794,-12.039116293961536,-4.492387457922062
-5.589772981627963,0.2855241138948737,-6.1511455893007865,-5.028400373955139,-9.32543802639169,-1.8541079368642341
9.853587277964536,0.3991651967122471,9.068783485689767,10.638391070239305,6.077879249740814,13.629295306188258
2.0845130253602906,0.2355798875485773,1.6213363991048024,2.5476896516157788,-1.6376619717527712,5.806688022473352
2.692096532515635,0.3056128944359007,2.091227116802859,3.292965948228411,-1.0497076014233957,6.433900666454665
12.08319845047374,0.30876077491905246,11.476139946731362,12.690256954216117,8.34039547022082,15.82600143072666
-3.297314683385988,0.3782371187590308,-4.040971514257339,-2.5536578525146365,-7.064685066574483,0.47005569980250694
3.124412557865123,0.31618312566846307,2.502760875499685,3.746064240230561,-0.620785025202022,6.869610140932268
12.885209455697852,0.46205754280994815,11.976752218360552,13.793666693035153,9.081875566319386,16.68854334507632
-3.839079886930491,0.4060870513151385,-4.637492825961207,-3.0406669478997754,-7.617640107865956,-0.06051966599502645
-0.2601591895275665,0.3595981772942751,-0.9671697594873665,0.44685138043223355,-4.020467430624177,3.500149051569044
5.8576942062655855,0.34315993044948623,5.183003083412892,6.532385329118279,2.103328449805457,9.612059962725713
2.5967218005578374,0.27882273937623125,2.048524850930862,3.144918750184813,-1.1369860103995926,6.330429611515267
-0.8353079527678743,0.2808798510333371,-1.387549415901856,-0.2830664896338927,-4.569611737361271,2.8989958318255225
8.021648267892576,0.3006181999628402,7.4305989847865455,8.612697550998607,4.281408519282287,11.761888016502866
8.690475402420487,0.432666700441996,7.839803875707519,9.541146929133456,4.900528678733679,12.480422126107296
-6.703375216220909,0.44574074827885124,-7.579751795396511,-5.826998637045307,-10.499174213869722,-2.907576218572096
5.935984908556772,0.3988274757846152,5.151845113711938,6.7201247034016065,2.1604148403573356,9.71155497675621
1.4878635521377035,0.3012531147587682,0.8955659549408653,2.0801611493345415,-2.252573663706101,5.228300767981509
13.027515996954103,0.2804945510639497,12.476032077011835,13.57899991689637,9.2933241652482,16.761707828660008
-5.1894174064491,0.49218991591300737,-6.157118287461495,-4.221716525436705,-9.007335571776425,-1.3714992411217746
6.755244709213418,0.2877807613521939,6.189435278147876,7.32105414027896,3.0189103512755584,10.491579067151278
-3.2275807794011118,0.29480223738958616,-3.807195224197559,-2.6479663346046647,-6.966030595386462,0.5108690365842383
5.152572027919842,0.3519786840895031,4.460542240882927,5.844601814956756,1.39505165563035,8.910092400209333
1.3925733722826803,0.30524318361456804,0.7924308497384889,1.9927158948268717,-2.3491141038956695,5.134260848461031
6.758970319795027,0.5023168753032925,5.771358694561518,7.746581945028535,2.9359569998704704,10.581983639719583
-3.128482366480951,0.4305616945556255,-3.9750152142309454,-2.2819495187309564,-6.91750229046445,0.6605375575025483
7.410200421623988,0.26788020826894376,6.8835177221892065,7.936883121058769,3.6795907143632416,11.140810128884734
12.879054859139533,0.4060808652070234,12.080654082695006,13.67745563558406,9.100497208150014,16.657612510129052
6.505731692478561,0.21947980816365048,6.074209637967523,6.937253746989598,2.787363044058446,10.224100340898676
2.570882688585835,0.3783243937471092,1.8270542652455544,3.314711111926116,-1.1965215697056868,6.338286946877357
7.080491624789461,0.3686231985339307,6.355736845282886,7.805246404296037,3.3168067797948875,10.844176469784035
-10.304054000746,0.2630907419526712,-10.821320069274723,-9.786787932217276,-14.033345931887267,-6.574762069604732
7.489611086294585,0.26418330088137015,6.9701969236995724,8.009025248889598,3.760020600151571,11.219201572437598
-6.827371465693721,0.351555528428265,-7.518569280979598,-6.136173650407844,-10.58473870112336,-3.070004230264082
6.469443794791502,0.3771830271878996,5.727859426823335,7.211028162759669,2.7024819557441577,10.236405633838846
-3.3760970692681243,0.36441038549147065,-4.092568983236574,-2.659625155299675,-7.138195702415562,0.3860015638793133
-13.215741706308421,0.35060949669943303,-13.905079516527437,-12.526403896089406,-16.972767223738632,-9.45871618887821
5.8135244715912675,0.392971371346948,5.040898438488421,6.586150504694114,2.040328861892183,9.586720081290352
9.016460017581275,0.3235806580730592,8.380263952257552,9.652656082904999,5.268820819958645,12.764099215203906
-2.639968848255192,0.3833923929330429,-3.3937615295346073,-1.8861761669757766,-6.409353085551068,1.1294153890406844
2.5058332758078614,0.3062800051974694,1.9036522451049542,3.1080143065107686,-1.2361817048893862,6.247848256505109
-4.393643016412193,0.3110049726789439,-5.00511386603814,-3.782172166786247,-8.137164182636111,-0.6501218501882757
-2.3442344490016342,0.3163791512744259,-2.9662715398150272,-1.7221973581882413,-6.089496023894874,1.401027125891606
-3.85363538405101,0.423752132152372,-4.686779864173208,-3.0204909039288115,-7.639686604885495,-0.06758416321652483
5.467272245325458,0.42899992126393693,4.623810019994668,6.310734470656248,1.678937169387194,9.255607321263723
1.5064274828185422,0.3658103218585127,0.7872031360757746,2.22565182956131,-2.2561963069021047,5.269051272539189
-0.18488842341270323,0.33056287311244226,-0.834812310917618,0.46503546409221147,-3.9348824476177686,3.5651056007923625
-1.4736149773124896,0.3103853596739734,-2.083867597894299,-0.8633623567306803,-5.216937349611083,2.269707394986104
-7.197245764019392,0.37563974295969316,-7.93579586115225,-6.458695666886535,-10.963611435060795,-3.4308800929779895
3.8907546703383282,0.31369821022740324,3.273988611964382,4.507520728712274,0.14636493464222466,7.635144406034431
-4.776383786130822,0.26560199569062476,-5.298587262713011,-4.254180309548633,-8.506363758326213,-1.0464038139354308
-10.948636393921959,0.3050564912786062,-11.548411858279568,-10.34886092956435,-14.69026501387739,-7.207007773966526
8.000328523694577,0.330210568838111,7.351097306123833,8.649559741265321,4.250454486357777,11.750202561031378
-9.439065937765838,0.26635666741995523,-9.962753184075396,-8.91537869145628,-13.169253929539375,-5.708877945992301
2.3857533599587923,0.23253213129226347,1.928568966211512,2.8429377537060727,-1.3356807308065237,6.107187450724108
-3.6745461766870364,0.2959886345271984,-4.2564932120510255,-3.0925991413230474,-7.413358350893323,0.0642659975192501
14.486875125806156,0.35852065727115706,13.781983081728272,15.19176716988404,10.726964632745384,18.24678561886693
3.490558889554192,0.3283285888602793,2.8450278568586644,4.13608992224972,-0.25867629061217867,7.239794069720563
-6.060495237510077,0.43960627650938056,-6.92481075337671,-5.1961797216434435,-9.853527722605875,-2.2674627524142785
-1.2355831400356039,0.25571146098626274,-1.7383407099918102,-0.7328255700793976,-4.962890384706007,2.491724104634799
8.91534547223175,0.3879412331387329,8.152609258116101,9.678081686347397,5.1441625471606685,12.68652839730283
-8.408667250981148,0.3778669204730197,-9.151596230273384,-7.665738271688913,-12.175894028107315,-4.641440473854981
6.8524070886095725,0.26113665772413563,6.338982970044449,7.365831207174696,3.1236461083979714,10.581168068821174
2.8737821334313147,0.21190372554790377,2.4571555117295434,3.290408755133086,-0.8428873250939972,6.590451591956627
-7.175344541310146,0.3522378905682378,-7.867883957516058,-6.482805125104234,-10.932958806375552,-3.41773027624474
-13.652784817584426,0.285473203531829,-14.214057329742127,-13.091512305426724,-17.388434821924772,-9.91713481324408
-10.151234800195034,0.36610929012896376,-10.871046952273419,-9.43142264811665,-13.913970992954756,-6.388498607435313
-4.742675210552278,0.3051241584147167,-5.342583716130589,-4.142766704973967,-8.484325159049519,-1.001025262055037
7.51522297199559,0.34322450813400973,6.840404882132426,8.190041061858755,3.7608343964175677,11.269611547573612
8.920996690322259,0.3102959033261284,8.310919951008682,9.531073429635835,5.177702986927388,12.66429039371713
3.0301930567238617,0.29688431299093404,2.4464850164907403,3.613901096956983,-0.7088936229690543,6.769279736416777
5.154014724068391,0.3135635220121017,4.537513477915084,5.770515970221698,1.409668598436736,8.898360849700046
-4.689788261342957,0.3350121301678643,-5.348459889980267,-4.031116632705647,-8.441308278135608,-0.9382682445503066
-11.11024044654914,0.30579608774179934,-11.711470040960792,-10.509010852137488,-14.852102435882873,-7.368378457215407
-7.931995500052742,0.3150292120906565,-8.551378458192524,-7.31261254191296,-11.676817174159293,-4.187173825946191
-6.003581747604063,0.3756466126406155,-6.742145351304337,-5.265018143903789,-9.769950067183938,-2.237213428024187
-6.091928915329292,0.2773559181566223,-6.637241929018916,-5.546615901639667,-9.82521438591997,-2.3586434447386133
4.862281911181553,0.371394685980866,4.132078074802004,5.592485747561102,1.0975439701440073,8.627019852219098
0.36893657524308726,0.366094992299561,-0.35084746569026454,1.0887206161764391,-3.3937942399503878,4.131667390436562
1.2877275038784535,0.3700907406084729,0.5600873711524342,2.0153676366044726,-2.4765140246074306,5.051969032364338
-5.519032956881955,0.3180637380762624,-6.144382135325699,-4.893683778438211,-9.264846048455595,-1.7732198653083153
2.5374338053256267,0.2968903377842261,1.9537139196694517,3.1211536909818016,-1.201654723572113,6.276522334223366
-9.888166829468261,0.39730572653839125,-10.669314693680954,-9.107018965255568,-13.663116644735778,-6.113217014200744
3.9448031044073453,0.4326479797051126,3.094168384774306,4.795437824040384,0.15486464207456185,7.734741566740128
0.3403367481779206,0.26345900188357885,-0.17765336090518946,0.8583268572610306,-3.3890556788981216,4.069729175253963
2.4688611318584237,0.21375463029000133,2.0485954226993743,2.889126841017473,-1.2482180155796776,6.185940279296525
2.4297601194716325,0.34380325662543326,1.7538041448064274,3.1057160941368376,-1.3248331476759279,6.184353386619193
-7.062285377895714,0.20937567244321195,-7.473941562094478,-6.65062919369695,-10.778400948759097,-3.3461698070323305
-4.7695042214157395,0.1848536462961917,-5.13294733675741,-4.406061106074069,-8.480588297546792,-1.0584201452846878
1.0980919981133925,0.37269307275370867,0.365335386913896,1.830848609312889,-2.6671419087349952,4.86332590496178
-12.694637923328028,0.37801540926317045,-13.437858848327405,-11.95141699832865,-16.461922285488804,-8.927353561167251
-10.01265953127556,0.31779683974251144,-10.637483957495903,-9.387835105055217,-13.758385053203959,-6.26693400934716
1.9002068553513718,0.3722458736861612,1.1683294879511938,2.6320842227515495,-1.8648560395996299,5.6652697503023735
-4.86869200542768,0.33213580106820073,-5.521708446679319,-4.215675564176041,-8.619223247074544,-1.1181607637808169
1.9937607642267636,0.3743433099864508,1.2577596005235008,2.7297619279300265,-1.7721059135775317,5.759627442031059
-2.4512832268350473,0.4324382783961106,-3.30150565004569,-1.6010608036244047,-6.241129172378795,1.3385627187087001
6.44254486285855,0.27585196380666427,5.900188793028201,6.984900932688898,2.7096901605554953,10.175399565161605
-2.853699550571776,0.33910090793954606,-3.520410177416883,-2.186988923726669,-6.60663935584076,0.899240254697208
-7.3281097628710485,0.3648392765143585,-8.04542492495834,-6.610794600783756,-11.090369079263862,-3.565850446478235
-2.024958315485906,0.24047047355473913,-2.4977503853614667,-1.5521662456103456,-5.748342053883201,1.6984254229113893
3.0750953101249916,0.3547803012653361,2.377557227770234,3.772633392479749,-0.6834434349672232,6.833634055217207
-3.844404679592108,0.38037524307773135,-4.592265303999299,-3.096544055184917,-7.612607120486562,-0.07620223869765441
0.7842158372516308,0.3403270691183619,0.11509443924961726,1.4533372352536444,-2.969152991852215,4.537584666355476
10.356560658388723,0.3306594230162703,9.706446942884543,11.006674373892903,6.606533729803962,14.106587586973484
-13.649119802711015,0.38922595658886594,-14.414381928013293,-12.883857677408736,-17.420814414214757,-9.877425191207273
-4.999289635478096,0.23468670432301572,-5.460710162784101,-4.537869108172091,-8.721246516615162,-1.27733275434103
12.624238173717812,0.2994583289529527,12.035469327820753,13.21300701961487,8.884358112014876,16.364118235420747
3.1537322475522016,0.3649517768169712,2.4361958971828406,3.8712685979215626,-0.6085692470286865,6.91603374213309
-1.0896803091648348,0.27424541974445416,-1.6288777321921455,-0.5504828861375242,-4.82207739187502,2.6427167735453496
-10.517941235210236,0.3794289462988129,-11.263941333432204,-9.771941136988268,-14.285774865901935,-6.750107604518536
1.7721044121346374,0.32090571333158624,1.141167589837421,2.403041234431854,-1.9746455656133726,5.518854389882647
-13.25878389436935,0.4350241624140353,-14.114090457180252,-12.403477331558447,-17.049773664655152,-9.467794124083547
7.088811009582291,0.33996304980840425,6.4204053145956435,7.757216704568939,3.335569704374912,10.84205231478967
-2.8070112456722707,0.43531190548681914,-3.6628835438142624,-1.951138947530279,-6.598128694756519,0.9841062034119776
7.69423832502302,0.3767928837001904,6.953421023149813,8.435055626896228,3.9274274196577266,11.461049230388314
-1.5498333846128234,0.30498982520224494,-2.1494777759460937,-0.9501889932795532,-5.29144099606564,2.1917742268399936
-4.115086729839387,0.36161922822890796,-4.826070913859091,-3.4041025458196827,-7.8761441120060525,-0.3540293476727219
-8.527437756730452,0.3294794253954123,-9.175231463838728,-7.879644049622175,-12.277063179221782,-4.777812334239121
-5.792014623906124,0.29176235210035656,-6.365652311403293,-5.218376936408955,-9.529542459058835,-2.0544867887534144
1.9369666149093825,0.40884408847848214,1.1331330298928535,2.7408001999259115,-1.842742706510021,5.716675936328786
-5.199807994758195,0.29519088636100255,-5.780186567262026,-4.619429422254363,-8.93837635837625,-1.4612396311401392
-2.2273774180982566,0.361488282376535,-2.9381041478048813,-1.516650688391632,-5.988386140016312,1.533631303819798
-1.7402305686643917,0.349281728632895,-2.4269578371266025,-1.053503300202181,-5.496777981285956,2.0163168439571733
8.109490209248557,0.34061238541422095,7.439807847232566,8.77917257126455,4.356021335257523,11.862959083239591
-0.42414748004357644,0.3045857862720868,-1.022997485274986,0.17470252518783297,-4.165627862297352,3.3173329022102
-8.500208903027357,0.4106609581033664,-9.30761465862244,-7.692803147432274,-12.280679531956018,-4.719738274098695
-5.203563562632054,0.27902373031254235,-5.752155683106411,-4.654971442157697,-8.9373294145128,-1.4697977107513078
-8.605631038028637,0.3944684305214772,-9.381200458298268,-7.8300616177590046,-12.379430456079572,-4.831831619977702
2.7303446028732496,0.34822974093634884,2.045685660859527,3.4150035448869724,-1.0258252533637595,6.486514459110259
-10.414381699973768,0.4052070819172039,-11.211064519930293,-9.617698880017244,-14.192576723743464,-6.6361866762040735
3.435801981237528,0.33792650542638636,2.771400362175605,4.100203600299451,-0.3167283162332746,7.18833227870833
-16.180116603202272,0.35151941261295594,-16.871243410722318,-15.488989795682226,-19.937470776832576,-12.42276242957197
1.5482921005468981,0.3546003715333332,0.851107780336691,2.245476420757105,-2.2101810067629266,5.306765207856723
-0.3293818627956201,0.3052610712314667,-0.929559554411896,0.2707958288206558,-4.071074980027182,3.4123112544359424
3.200548268448657,0.3365130449342982,2.5389256721160653,3.8621708647812487,-0.5514909880093675,6.952587524906681
8.077455564247057,0.3025922169170183,7.482525141190915,8.672385987303198,4.33660053761184,11.818310590882273
5.495713221213484,0.3464120909959115,4.814627983966692,6.176798458460277,1.7401931210915684,9.2512333213354
5.495676112669204,0.25785896028136707,4.988696316916293,6.002655908422115,1.7677970058142263,9.223555219524183
6.49734260048625,0.25501310461103555,5.995958077920326,6.9987271230521735,2.7702203109050694,10.22446489006743
10.365973969526973,0.2958989240121965,9.78420331515251,10.947744623901436,6.627189245005448,14.104758694048497
-10.467244845536484,0.447491019663593,-11.347062655639956,-9.587427035433013,-14.263839833285306,-6.670649857787663
-2.8626419088291675,0.3134355450905335,-3.478891537922175,-2.2463922797361597,-6.606946614296055,0.8816627966377202
7.314418236626904,0.25545466888161816,6.812165548907955,7.8166709243458525,3.5871790593879234,11.041657413865885
-3.689935925065891,0.37855100877508324,-4.434209899107499,-2.945661951024283,-7.4574281772755615,0.07755632714377869
6.261868938786473,0.30541960311152816,5.66137955561569,6.862358321957257,2.5201258127387973,10.003612064834149
-12.62015437084665,0.30999676535017523,-13.229642971164456,-12.010665770528846,-16.363352265153278,-8.876956476540025
6.782283063495571,0.32992289357601995,6.133617447932448,7.4309486790586945,3.0325069097981148,10.532059217193027
0.12951520525033,0.4273840950308229,-0.7107701234826362,0.9698005339832962,-3.6581138098075163,3.9171442203081765
-1.0315603652342422,0.2902604004098367,-1.6022450463264384,-0.46087568414204605,-4.768636110687833,2.705515380219348
14.226090318306499,0.30849387594556815,13.619556568045311,14.832624068567686,10.48337241386458,17.968808222748418
1.7913401827417865,0.34931530298607316,1.1045469033149065,2.4781334621686666,-1.9652192977789373,5.547899663262511
-0.4963003300133633,0.3283228694566372,-1.1418201177163294,0.14921945768960282,-4.2455335740701114,3.2529329140433845
0.053141579563019674,0.3522242577225395,-0.6393710329308165,0.7456541920568559,-3.704467745591372,3.810750904717411
-3.386187182108147,0.35220150289936947,-4.078655056053473,-2.6937193081628203,-7.1437882623813795,0.3714138981650854
-0.2094243989887201,0.30467000962551055,-0.8084399968311824,0.38959119885374216,-3.950931289064264,3.5320824910868236
-6.654716589932202,0.3579140899400529,-7.358416054231986,-5.9510171256324185,-10.414403685699616,-2.8950294941647887
-8.268199225244864,0.28023624690363585,-8.819175290077908,-7.71722316041182,-12.002316088178201,-4.534082362311526
3.227441559033664,0.41999461353208123,2.4016847842701394,4.053198333797188,-0.556990812285985,7.011873930353313
-0.8294351328408932,0.3971646383154457,-1.610305601696163,-0.04856466398562331,-4.604327556626563,2.945457290944777
-3.7269565080631817,0.34768853676429784,-4.410551381640781,-3.0433616344855823,-7.482932556070647,0.029019539944283412
-2.395495924867454,0.30460998592591926,-2.994393509347395,-1.7965983403875134,-6.136983922806257,1.3459920730713488
-2.930458622281938,0.29567827073859143,-3.5117954474364956,-2.349121797127381,-6.669175865709821,0.8082586211459444
-0.3630153639140448,0.2677416166348184,-0.889425576566574,0.16339484873848426,-4.093586611593023,3.367555883764933
8.919459098835665,0.37923983571158976,8.173830813354973,9.665087384316356,5.151699066384941,12.687219131286389
10.095348933494426,0.4126185810488796,9.28409427041909,10.906603596569763,6.314054413044362,13.87664345394449
-6.751818712664048,0.28414278267942517,-7.310475467388767,-6.193161957939329,-10.48707660089931,-3.0165608244287845
6.114842289034126,0.3545930499993327,5.417672363785444,6.812012214282808,2.356371851915396,9.873312726152855
4.934414240439753,0.35976791021455756,4.227069956417182,5.641758524462324,1.1740432403702639,8.694785240509242
-4.911381144835396,0.3500217282091634,-5.5995633359174155,-4.223198953753376,-8.668194801399514,-1.1545674882712782
-13.29765169018797,0.3751220395927511,-14.035183924117835,-12.560119456258107,-17.06381789975836,-9.531485480617583
2.638228291055232,0.3060728912781253,2.0364544696748634,3.240002112435601,-1.103721181361911,6.380177763472375
1.9238785438633879,0.3345572407747606,1.26610127907271,2.581655808654066,-1.8274845486804026,5.675241636407178
-8.318409695958346,0.30565723801761197,-8.919366296153578,-7.717453095763114,-12.060227831215913,-4.576591560700779
6.800222240299824,0.36500592503323603,6.082579428430765,7.517865052168884,3.037900440207289,10.56254404039236
-5.808817255912608,0.4403884502030206,-6.674670613469956,-4.94296389835526,-9.602200463396072,-2.0154340484291438
-7.422453373372149,0.3132196895579664,-8.038278606145193,-6.806628140599105,-11.166688253737453,-3.678218493006846
2.3640726544249206,0.30955872562741643,1.7554452896016413,2.9727000192482,-1.3789851051128523,6.107130413962693
-1.2218328652653994,0.39031510745121456,-1.9892363839911797,-0.45442934653961886,-4.993962539942148,2.5502968094113494
11.045352468689744,0.416971205191591,10.225540055686102,11.865164881693387,7.262212699326331,14.828492238053158
-8.762820617317727,0.37228898606909433,-9.494782748524717,-8.030858486110738,-12.52789999012586,-4.997741244509594
2.7805240727796634,0.30765909970578675,2.175631586747115,3.385416558812212,-0.9619282036939913,6.522976349253318
-11.947509770423935,0.36372732982881395,-12.662638719928541,-11.232380820919328,-15.709352874069243,-8.185666666778626
-3.234272549621579,0.29587562605349776,-3.8159973975818318,-2.6525477016613266,-6.973050146745883,0.5045050475027244
0.10207631266321067,0.3304592684092476,-0.5476438763112851,0.7517965016377065,-3.647882413241017,3.8520350385674385
8.333123860747003,0.33017899610695395,7.683954718726303,8.982293002767703,4.583260570308791,12.082987151185215
2.1605175262481993,0.4197771289010554,1.3351883507959283,2.98584670170047,-1.6238215666287763,5.944856619125175
2.7121679236519682,0.28264931907303686,2.156447486801582,3.2678883605023543,-1.0226519282227362,6.446987775526672
3.620954401521124,0.35413317483053913,2.924688642716348,4.317220160325901,-0.13734842407824432,7.379257227120492
3.044789342392884,0.370602793322545,2.3161424562846604,3.7734362285011076,-0.7196469243885599,6.809225609174328
4.106031086238368,0.2616921637885979,3.591514780103756,4.6205473923729805,0.3771195625759187,7.834942609900818
-4.274844311267981,0.22068033014975827,-4.708726727391622,-3.84096189514434,-7.993487622079801,-0.556201000456161
-9.95476114930473,0.4139227719792329,-10.768579998828239,-9.140942299781221,-13.736606630265577,-6.172915668343884
-8.137615466854534,0.2397969596482123,-8.609083332434865,-7.666147601274202,-11.860831290614833,-4.414399643094235
4.269903568412727,0.3559482090988465,3.570069247547408,4.969737889278045,0.5109379927941862,8.028869144031267
-1.9000782147744737,0.25312499760606305,-2.397750506038851,-1.4024059235100965,-5.626702938504587,1.8265465089556392
-11.479670531628408,0.35567153625749615,-12.178960882486072,-10.780380180770743,-15.238534870338551,-7.720806192918264
5.446578848739805,0.34259886987627336,4.772990834247209,6.120166863232401,1.6924111733033071,9.200746524176303
-4.150763832420446,0.3214949914299484,-4.782859241914412,-3.5186684229264795,-7.897709085386861,-0.4038185794540312
-9.63931186160345,0.3620857895352388,-10.351213357767481,-8.927410365439417,-13.400542758831747,-5.878080964375151
-2.5389057435703895,0.2662555602830181,-3.0623942018464527,-2.015417285294326,-6.269065832356453,1.191254345215674
-4.304246574159401,0.21981635272234717,-4.736430313226382,-3.8720628350924198,-8.022692070107691,-0.5858010782111114
0.0019832349779070396,0.3296746651941745,-0.6461943355927496,0.6501608055485638,-3.7477085236890746,3.7516749936448885
2.8795722026686557,0.41706712933723256,2.059571191976912,3.699573213360399,-0.903608440594323,6.662752845931634
8.413559097880148,0.27724699957688337,7.868460230401496,8.9586579653588,4.680304901157038,12.146813294603257
-10.357857905593422,0.3551041895179562,-11.05603278877907,-9.659683022407773,-14.116514885092283,-6.599200926094561
1.42956896288248,0.36637335945917465,0.7092376207206921,2.1499003050442678,-2.3332665855470296,5.192404511311989
6.93651994678743,0.27117196127601445,6.4033652897159135,7.469674603858947,3.2049910362225864,10.668048857352275
-2.6637304990470088,0.3569767548661809,-3.3655870568843405,-1.9618739412096773,-6.423073094475559,1.0956120963815419
17.344358006903544,0.40026066758941375,16.557400395343407,18.13131561846368,13.568201706587487,21.1205143072196
7.3343247780653735,0.29922954214557745,6.746005752832865,7.922643803297882,3.5945155051913233,11.074134050939424
14.805983335426024,0.40766342774048364,14.004471062568479,15.60749560828357,11.026767008518359,18.58519966233369
10.703791371688068,0.2872519878272964,10.13902156900449,11.268561174371646,6.967614307890441,14.439968435485694
6.527775904321433,0.4145217125309421,5.712779470128218,7.3427723385146475,2.745676842983687,10.30987496565918
19.840325278371104,0.4452915308062102,18.964831911406858,20.71581864533535,16.04473010005946,23.635920456682747
3.1529061193207033,0.21653966449342515,2.727164718837699,3.5786475198037078,-0.5647961094907212,6.870608348132128
4.420263919190704,0.25716161119497455,3.914655190384631,4.925872647996778,0.6925710256345443,8.147956812746864
6.7830704057093065,0.351351074910975,6.092274569095506,7.4738662423231075,3.02577709670252,10.540363714716094
-7.530038545100431,0.3382963446030892,-8.19516730969207,-6.86490978050879,-11.282697655053186,-3.7773794351476755
-2.801855665212664,0.36566781075493837,-3.5207998190542273,-2.0829115113711003,-6.564425906200487,0.9607145757751594
9.807934329033799,0.22706180431659898,9.36150521503246,10.254363443035137,6.087806229646329,13.528062428421268
-0.2357002074413277,0.3920423497982439,-1.0064996794097536,0.5350992645270983,-4.008522221267452,3.5371218063847962
-5.860784427608476,0.358982262429026,-6.566584039483886,-5.154984815733067,-9.620865173303665,-2.1007036819132883
-7.083537900967764,0.34633555090649837,-7.764472651767022,-6.402603150168506,-10.839030712420112,-3.3280450895154177
3.5599474665279267,0.2551761306362291,3.058242416411342,4.061652516644511,-0.16721795498701963,7.2871128880428735
1.3610640592709022,0.29567992177838537,0.7797239879859151,1.9424041305558895,-2.377653688902372,5.0997818074441765
-1.9247678306806222,0.32361536543311525,-2.561032134588311,-1.288503526772933,-5.672418613030992,1.8228829516697473
1.2113111611488347,0.26418643829574195,0.6918908300433476,1.7307314922543218,-2.5182801840778692,4.940902506375539
3.8526814382463233,0.3291845096687891,3.205467568715475,4.499895307777171,0.10315614630104841,7.6022067301915985
6.195539960126721,0.33070501217064646,5.545336611203758,6.845743309049685,2.445497491437221,9.945582428816222
4.342426909550847,0.2664906835883724,3.8184761723406124,4.866377646761081,0.6122019167324035,8.07265190236929
7.5260931351647145,0.4143605120679972,6.711413639260903,8.340772631068525,3.7440623575175667,11.308123912811862
-14.346639359699902,0.4474435809416385,-15.226363899926145,-13.466914819473658,-18.143212734297116,-10.550065985102687
11.731699326244557,0.30753408127532517,11.12705264054515,12.336346011943965,7.989286770612631,15.474111881876484
2.6557425403804227,0.4390537451802217,1.7925133634181978,3.5189717173426476,-1.1370425489679161,6.448527629728762
18.704496095993903,0.3569681991110847,18.00265635973596,19.406335832251848,14.945156641061052,22.463835550926753
-14.00028343041426,0.3380207154458674,-14.664870276998943,-13.335696583829577,-17.752846527642284,-10.247720333186237
-0.8270022764691666,0.19008068957401414,-1.2007223483706964,-0.4532822045676368,-4.539106910523316,2.885102357584983
3.5291351484763696,0.3732965307583341,2.7951920707852818,4.263078226167457,-0.23632983785863404,7.294600134811374
-7.385543749130918,0.4143254866834326,-8.200154381178715,-6.570933117083121,-11.167559693553882,-3.6035278047079555
-12.80949202469916,0.27120349595749665,-13.34270868251077,-12.276275366887551,-16.541029794331404,-9.077954255066917
-15.951132336307266,0.3881640614280721,-16.71430665596904,-15.187958016645492,-19.722403894311995,-12.179860778302537
-6.326518931809456,0.3052952400866756,-6.926763803248439,-5.726274060370474,-10.068222825453768,-2.5848150381651442
-6.507061202165974,0.40219043694790624,-7.297812957913116,-5.7163094464188315,-10.284010031742753,-2.730112372589196
-3.9210066410331477,0.286644648254103,-4.48458234562359,-3.3574309364427055,-7.657003388465995,-0.18500989360029996
-0.6545807663801531,0.3617386038650728,-1.3657996563630501,0.05663812360274412,-4.415682524042754,3.106520991282448
-9.796167811439311,0.3221166700742775,-10.429485511257345,-9.162850111621276,-13.543319453810755,-6.049016169067867
3.9414085431715993,0.3437297364787707,3.265597117405909,4.61721996893729,0.18684129710719288,7.695975789236005
-9.062730704623771,0.33700660640156843,-9.725323698462018,-8.400137710785524,-12.81494119945315,-5.310520209794392
0.04119001999007409,0.3219917064479885,-0.5918819872460016,0.6742620272261498,-3.705920104942221,3.7883001449223688
-9.194013952509039,0.4410883408931077,-10.061243374092715,-8.326784530925362,-12.987711488117876,-5.400316416900202
-3.9495079567659768,0.3250084899075451,-4.588511300498903,-3.310504613033051,-7.697624736607029,-0.20139117692492414
-5.722691191988159,0.27442806081563115,-6.262247707958606,-5.183134676017712,-9.455140167654186,-1.9902422163221325
-6.206074602952652,0.42165113872656607,-7.035088293061849,-5.377060912843456,-9.991218962209333,-2.4209302436959717
-1.143504112474679,0.3195987061711742,-1.7718712112978294,-0.5151370136515286,-4.8898222160141565,2.6028139910647985
-3.317825007574593,0.236554681997579,-3.7829181896484894,-2.8527318255006966,-7.04023898106489,0.4045889659157047
-6.809992245476867,0.3521690647746007,-7.502396342410714,-6.117588148543019,-10.567581573154252,-3.0524029177994816
-5.451966699826243,0.3013876993503755,-6.0445289055078515,-4.859404494144634,-9.192445825503388,-1.7114875741490985
-1.1550647729979187,0.24920886885772975,-1.6450375135047588,-0.6650920324910785,-4.8806690741098855,2.5705395281140477
2.898049362000772,0.3350128886756065,2.2393762420517005,3.5567224819498433,-0.8534709166286332,6.649569640630177
-16.21806500374789,0.284157967240957,-16.776751613033007,-15.65937839446277,-19.95332735724044,-12.482802650255337
0.629153850332777,0.407389809002071,-0.17182045722791306,1.430128157893467,-3.1499484191746956,4.4082561198402495
-4.914982800152924,0.2483526452098069,-5.403272108408005,-4.426693491897843,-8.640366078498982,-1.1895995218068647
9.249658876740954,0.3666174446076412,8.528847635650772,9.970470117831136,5.486731430283053,13.012586323198853
-1.3021075413817074,0.28864639636754025,-1.869618908508723,-0.7345961742546919,-5.038700009639729,2.434484926876315
-6.572111577725116,0.33332225378801944,-7.227460718825183,-5.916762436625049,-10.32304967622325,-2.821173479226982
-7.408940222434323,0.3358032873123965,-8.069167355239903,-6.748713089628743,-11.160733658768056,-3.65714678610059
-4.739487823627322,0.308251161244563,-5.345544369414375,-4.13343127784027,-8.482128423353075,-0.99684722390157
5.672584404417579,0.32161144244599116,5.040260039093401,6.304908769741757,1.9256005206776412,9.419568288157517
-3.3796606256806676,0.3728524572444669,-4.112730604763454,-2.646590646597881,-7.1449555299685965,0.38563427860726085
-0.9320356311113283,0.3587116031824481,-1.637303096384584,-0.22676816583807247,-4.692016524626236,2.8279452624035795
9.650731021664903,0.3305295221790314,9.0008727058562,10.300589337473607,5.900748361351668,13.40071368197814
-4.9673016132311725,0.35538415588777456,-5.66602694187287,-4.268576284589475,-8.726060877524333,-1.2085423489380132
14.06100993560637,0.346879394514571,13.379005926942108,14.743013944270631,10.305323102301664,17.816696768911076
-4.326565963646049,0.27545520260180595,-4.868141956203216,-3.784989971088882,-8.05930740630431,-0.5938245209877868
-0.9037107981903306,0.3713896738193717,-1.6339047800951396,-0.17351681628552162,-4.6684468278787605,2.8610252314980995
-12.70867333609184,0.3059993518020769,-13.310302570568942,-12.107044101614738,-16.45059955901523,-8.96674711316845
-6.391910390210837,0.2655498675805469,-6.914011377049907,-5.869809403371767,-10.121876015050098,-2.661944765371577
5.656886953058896,0.3060957204352438,5.055068246981092,6.2587056591367,1.9149302621003588,9.398843644017433
9.949474550091479,0.40704554375689095,9.149177106827052,10.749771993355905,6.170515682927166,13.72843341725579
-8.258410842537732,0.340718576776971,-8.928301988748537,-7.588519696326927,-12.011916972783935,-4.504904712291529
-11.10632165924624,0.3844239582005769,-11.86214251417558,-10.350500804316898,-14.876112009752529,-7.336531308739951
-0.9034785886150404,0.3599190375827896,-1.6111200060868245,-0.19583717114325638,-4.663905492271815,2.856948315041734
0.9797764753022855,0.28875848408933646,0.4120447310736147,1.5475082195309562,-2.7568494700432122,4.716402420647783
1.4171055967426642,0.3003454547984983,0.8265925613883489,2.0076186320969795,-2.323049449100699,5.157260642586028
-0.11099459985242091,0.2977697891179699,-0.696443586010163,0.4744543863053212,-3.8503534536423767,3.628364253937535
3.954518480637727,0.2971704425572731,3.370247877409148,4.538789083866306,0.21534393806535723,7.693693023210097
-6.102803735614584,0.25053374841583553,-6.595381338744902,-5.610226132484266,-9.82875150995735,-2.376855961271818
-3.3085529441363914,0.24663739041050847,-3.793469868019552,-2.8236360202532307,-7.033495701427101,0.4163898131543178
-5.454059006529285,0.28466155177453173,-6.013735719798757,-4.894382293259812,-9.189469579063491,-1.718648433995079
1.5152785831588151,0.3507569010447982,0.825650959373404,2.2049062069442265,-2.2418001199710664,5.272357286288697
-0.44939774312143627,0.39145666747357666,-1.2190456975897068,0.32025021134683423,-4.221984666684815,3.3231891804419424
